attendance,homework_score,exam_score,at_risk
98,91,66,0
88,80,50,1
74,56,44,1
67,53,96,1
80,68,56,1
98,91,91,0
78,79,46,1
82,80,66,0
70,84,86,1
70,70,96,1
83,80,54,1
95,68,85,0
99,80,52,1
83,81,50,1
62,51,99,1
81,59,84,1
61,51,65,1
83,51,61,1
89,73,67,0
97,66,63,0
61,81,68,1
80,65,48,1
92,65,81,0
71,95,43,1
81,88,88,0
84,80,85,0
86,92,95,0
87,73,57,1
75,50,82,1
74,60,55,1
62,70,72,1
96,53,68,1
66,56,78,1
80,75,99,0
68,96,49,1
98,99,48,1
77,61,98,0
63,80,70,1
84,66,67,0
73,82,99,1
68,60,96,1
85,77,42,1
61,81,93,1
79,50,94,1
87,96,53,1
66,77,97,1
67,91,64,1
94,56,54,1
73,51,41,1
76,91,63,0
95,73,53,1
99,53,87,1
63,93,46,1
61,68,75,1
65,75,89,1
63,60,63,1
88,89,66,0
77,99,76,0
85,92,77,0
93,60,69,0
69,94,66,1
95,52,78,1
73,61,54,1
90,52,65,1
74,91,40,1
67,76,95,1
73,98,43,1
82,51,68,1
99,98,96,0
80,65,40,1
75,51,82,1
77,79,89,0
83,69,85,0
85,87,61,0
84,77,50,1
88,74,49,1
74,81,98,1
60,59,56,1
84,91,75,0
66,89,95,1
68,82,86,1
83,62,65,0
60,90,87,1
67,91,60,1
83,96,52,1
70,86,48,1
76,65,50,1
67,94,50,1
94,71,45,1
94,69,40,1
92,99,93,0
64,92,45,1
98,76,52,1
87,90,61,0
66,65,95,1
68,83,70,1
67,81,61,1
71,75,76,1
93,74,86,0
92,51,66,1
82,61,89,0
83,89,91,0
96,58,53,1
94,61,86,0
99,75,97,0
81,58,44,1
86,59,97,1
94,81,75,0
60,83,71,1
94,97,73,0
96,69,46,1
73,88,81,1
62,51,87,1
60,50,49,1
64,85,89,1
85,73,56,1
73,76,69,1
98,51,60,1
86,80,99,0
68,63,52,1
74,51,40,1
74,78,40,1
85,64,86,0
72,61,72,1
91,86,77,0
98,77,64,0
91,69,65,0
63,88,52,1
89,73,98,0
96,70,67,0
82,59,72,1
98,95,76,0
74,63,80,1
88,86,69,0
95,67,96,0
72,73,88,1
91,63,87,0
66,83,47,1
81,61,88,0
87,71,86,0
61,55,95,1
65,85,40,1
87,94,51,1
87,85,44,1
79,71,63,0
89,63,45,1
70,65,64,1
87,85,40,1
84,74,64,0
98,81,40,1
92,82,71,0
60,94,81,1
86,85,81,0
72,69,42,1
62,67,88,1
98,87,58,1
65,52,99,1
67,72,82,1
86,81,68,0
68,94,89,1
96,65,41,1
92,54,48,1
83,53,95,1
74,70,56,1
91,89,99,0
91,63,85,0
83,88,75,0
71,80,56,1
98,63,88,0
61,55,51,1
62,61,99,1
96,65,59,1
76,66,89,0
61,94,42,1
61,72,82,1
87,63,96,0
82,56,89,1
96,95,43,1
91,81,56,1
92,64,89,0
60,93,76,1
78,66,85,0
61,90,81,1
85,96,54,1
91,93,72,0
65,83,55,1
91,54,50,1
63,94,94,1
70,76,59,1
76,72,77,0
97,89,63,0
83,63,93,0
64,64,55,1
93,92,69,0
65,82,73,1
81,80,40,1
70,84,63,1
75,66,63,0
92,77,48,1
68,68,61,1
65,95,51,1
75,72,56,1
88,81,64,0
62,89,67,1
79,62,54,1
95,69,69,0
78,84,90,0
85,54,66,1
62,58,61,1
78,78,49,1
79,55,97,1
91,74,70,0
66,80,66,1
92,71,51,1
99,51,85,1
98,94,70,0
77,54,71,1
99,76,71,0
60,74,80,1
70,57,98,1
87,50,84,1
84,69,74,0
82,93,92,0
90,72,85,0
89,81,60,0
94,60,49,1
66,88,55,1
75,96,46,1
85,73,43,1
61,60,66,1
60,78,91,1
71,75,94,1
64,65,64,1
96,84,70,0
91,69,50,1
68,95,87,1
94,52,59,1
78,50,75,1
75,96,93,0
62,50,93,1
79,66,94,0
83,51,56,1
92,78,84,0
83,69,50,1
70,55,69,1
67,57,74,1
95,78,80,0
97,97,77,0
99,82,61,0
79,52,92,1
94,84,82,0
84,54,87,1
94,76,90,0
84,93,66,0
88,61,76,0
77,69,85,0
77,94,88,0
61,69,74,1
94,58,43,1
75,88,55,1
95,53,55,1
92,68,60,0
63,87,65,1
92,76,96,0
73,94,75,1
80,92,58,1
79,62,97,0
67,62,56,1
66,71,84,1
62,77,65,1
76,96,61,0
92,94,94,0
71,71,97,1
81,92,95,0
81,68,67,0
89,57,40,1
97,57,83,1
97,91,75,0
67,75,82,1
86,97,76,0
86,75,41,1
93,72,56,1
80,92,79,0
89,62,77,0
92,77,60,0
87,58,48,1
92,69,52,1
64,68,50,1
78,97,55,1
63,88,55,1
94,61,98,0
76,64,41,1
87,80,81,0
89,63,83,0
88,60,47,1
65,75,82,1
94,91,81,0
96,76,52,1
83,60,96,0
88,87,56,1
90,83,78,0
94,92,63,0
92,68,42,1
80,55,69,1
91,95,91,0
82,87,52,1
92,98,58,1
62,91,46,1
77,77,48,1
84,50,58,1
90,84,84,0
62,89,93,1
99,57,79,1
83,96,61,0
91,56,57,1
81,60,62,0
82,88,41,1
61,53,89,1
86,74,89,0
61,61,50,1
85,75,70,0
76,87,72,0
99,95,53,1
92,61,55,1
68,92,50,1
98,86,72,0
88,95,46,1
85,73,70,0
94,65,87,0
84,62,85,0
83,74,86,0
72,53,53,1
66,60,67,1
95,81,92,0
79,98,82,0
60,56,55,1
67,95,58,1
75,60,56,1
73,77,98,1
71,90,65,1
82,72,45,1
74,94,82,1
87,72,88,0
93,99,48,1
61,77,89,1
91,92,56,1
82,96,70,0
81,75,51,1
84,74,62,0
81,78,93,0
81,68,93,0
65,82,44,1
74,85,82,1
96,63,75,0
92,63,98,0
67,84,75,1
64,79,42,1
98,77,97,0
63,66,63,1
65,52,94,1
91,65,96,0
89,95,56,1
94,79,78,0
99,78,65,0
75,94,43,1
72,64,94,1
89,95,84,0
78,74,51,1
76,87,40,1
78,91,60,0
87,96,58,1
85,87,60,0
96,72,91,0
85,74,57,1
82,91,82,0
68,56,91,1
71,71,42,1
60,66,88,1
60,67,83,1
93,98,71,0
91,90,49,1
84,59,79,1
99,59,54,1
60,56,44,1
75,97,43,1
98,99,97,0
64,87,67,1
81,76,92,0
88,82,91,0
62,50,90,1
71,93,92,1
85,83,43,1
75,53,54,1
96,66,56,1
81,53,83,1
88,92,42,1
73,75,49,1
87,53,86,1
64,50,81,1
89,56,95,1
64,79,62,1
71,99,57,1
75,58,40,1
85,84,74,0
85,57,92,1
80,73,97,0
98,68,70,0
95,85,98,0
92,99,83,0
89,92,40,1
96,76,42,1
82,81,42,1
69,63,76,1
64,67,58,1
95,77,68,0
93,78,64,0
90,65,72,0
69,84,75,1
78,96,68,0
91,80,97,0
60,53,65,1
64,86,43,1
63,66,88,1
75,88,53,1
83,97,89,0
75,95,66,0
61,75,72,1
87,97,61,0
91,88,87,0
86,90,42,1
79,53,62,1
83,79,60,0
71,79,80,1
94,71,62,0
92,60,43,1
92,51,60,1
96,93,76,0
71,61,82,1
62,79,70,1
60,85,60,1
92,67,65,0
99,75,80,0
69,56,97,1
88,50,74,1
72,75,77,1
71,72,63,1
90,75,50,1
61,94,80,1
94,55,68,1
82,55,86,1
76,93,94,0
85,57,99,1
67,73,42,1
88,71,40,1
85,68,91,0
69,86,93,1
85,67,58,1
93,80,85,0
66,86,88,1
63,79,61,1
70,91,53,1
88,82,88,0
95,59,96,1
84,86,98,0
80,61,53,1
95,79,83,0
69,76,55,1
96,88,72,0
68,58,52,1
83,70,77,0
94,61,88,0
94,78,51,1
95,82,94,0
77,92,90,0
98,64,77,0
91,51,78,1
83,88,72,0
82,93,72,0
91,67,68,0
96,52,44,1
71,56,45,1
72,92,70,1
82,67,55,1
84,93,70,0
94,87,64,0
89,86,87,0
76,82,85,0
79,93,72,0
84,80,52,1
81,60,91,0
72,53,49,1
78,67,63,0
95,53,49,1
71,98,80,1
78,83,70,0
71,78,52,1
68,73,42,1
66,71,98,1
87,51,89,1
73,93,91,1
90,55,73,1
78,91,88,0
75,74,67,0
64,70,58,1
94,65,62,0
71,80,84,1
84,63,71,0
80,88,52,1
95,77,72,0
82,81,73,0
75,77,72,0
98,98,95,0
98,58,44,1
73,94,95,1
90,71,42,1
64,81,99,1
94,54,46,1
82,72,63,0
88,54,61,1
70,91,84,1
77,81,62,0
71,59,69,1
68,88,99,1
69,64,57,1
76,56,71,1
97,78,95,0
66,96,92,1
72,52,46,1
99,68,72,0
68,59,44,1
86,77,88,0
61,78,67,1
64,64,47,1
88,84,54,1
96,55,91,1
97,61,43,1
78,96,73,0
67,87,44,1
60,62,72,1
81,78,96,0
76,68,44,1
66,52,77,1
84,57,73,1
63,57,97,1
95,69,65,0
65,96,40,1
90,53,43,1
78,70,78,0
98,52,93,1
86,94,65,0
69,57,72,1
85,72,72,0
78,65,47,1
98,62,59,1
62,52,55,1
72,97,60,1
87,58,84,1
79,63,94,0
87,62,95,0
67,56,65,1
98,64,62,0
60,56,57,1
62,87,70,1
72,83,91,1
87,90,81,0
84,71,51,1
92,73,40,1
97,98,81,0
65,86,48,1
91,93,42,1
80,50,99,1
75,59,90,1
80,92,65,0
70,65,48,1
96,95,81,0
95,57,90,1
94,98,55,1
78,74,63,0
79,99,89,0
77,61,53,1
73,74,42,1
74,66,73,1
90,75,72,0
60,95,89,1
62,97,63,1
75,63,48,1
82,90,52,1
70,85,41,1
71,72,46,1
69,92,87,1
91,55,60,1
75,96,58,1
67,54,64,1
97,92,86,0
71,74,61,1
83,67,50,1
87,62,72,0
67,92,71,1
87,63,60,0
95,77,78,0
85,67,59,1
67,77,47,1
87,76,81,0
87,81,76,0
96,96,48,1
95,58,64,1
86,89,64,0
76,81,72,0
68,69,41,1
92,77,58,1
79,82,85,0
72,53,59,1
87,95,81,0
88,83,80,0
72,97,81,1
94,52,68,1
65,75,45,1
77,57,56,1
64,55,99,1
84,65,64,0
61,73,77,1
69,97,43,1
89,88,69,0
64,79,59,1
92,94,42,1
60,62,62,1
77,54,90,1
91,74,57,1
70,69,65,1
80,67,95,0
85,96,75,0
84,67,47,1
81,51,56,1
86,59,70,1
72,94,76,1
92,99,84,0
93,96,96,0
94,61,72,0
60,96,66,1
80,62,84,0
65,99,43,1
87,96,61,0
76,60,65,0
64,68,71,1
90,84,63,0
64,88,85,1
97,75,74,0
62,95,76,1
82,63,71,0
96,94,46,1
96,93,72,0
69,73,70,1
69,90,94,1
78,50,51,1
76,92,50,1
80,71,63,0
73,72,47,1
68,68,71,1
60,67,96,1
72,61,77,1
63,77,99,1
60,77,61,1
99,82,73,0
91,68,58,1
93,77,91,0
87,98,59,1
90,86,95,0
67,75,53,1
98,84,72,0
85,83,49,1
93,84,55,1
62,89,43,1
71,65,66,1
60,87,67,1
64,62,82,1
89,72,55,1
89,71,98,0
76,65,91,0
82,77,72,0
74,97,87,1
96,84,58,1
80,94,60,0
73,95,61,1
61,57,48,1
70,93,48,1
98,71,48,1
97,70,66,0
93,75,56,1
97,89,83,0
93,70,96,0
77,74,84,0
89,90,47,1
74,50,55,1
86,55,57,1
93,72,98,0
97,72,72,0
92,92,40,1
83,92,51,1
74,72,45,1
89,81,80,0
76,79,94,0
64,62,44,1
88,92,98,0
63,67,55,1
69,72,57,1
76,64,88,0
69,82,57,1
76,70,40,1
79,88,58,1
83,72,93,0
64,76,47,1
93,94,42,1
65,93,97,1
61,67,64,1
72,73,97,1
70,96,44,1
82,89,94,0
75,91,79,0
90,56,58,1
70,99,57,1
75,97,89,0
67,69,92,1
63,76,70,1
99,55,72,1
63,76,86,1
84,58,57,1
62,94,96,1
91,80,78,0
62,70,55,1
86,75,55,1
88,89,86,0
91,97,77,0
78,94,80,0
80,62,46,1
64,98,53,1
77,72,82,0
87,69,92,0
81,86,87,0
80,77,64,0
65,66,71,1
60,77,77,1
64,90,61,1
71,51,98,1
85,74,55,1
93,99,91,0
73,90,68,1
85,55,55,1
86,60,51,1
68,87,56,1
85,55,76,1
81,94,66,0
89,60,64,0
76,63,52,1
85,51,47,1
95,89,95,0
60,52,44,1
67,84,51,1
94,82,80,0
74,73,42,1
81,68,74,0
73,67,72,1
85,98,96,0
87,73,61,0
82,94,89,0
73,84,95,1
83,50,83,1
61,85,48,1
85,74,80,0
73,94,57,1
66,98,89,1
62,92,68,1
82,83,78,0
77,74,66,0
97,65,75,0
94,83,84,0
74,78,56,1
84,68,95,0
96,72,73,0
87,68,85,0
69,74,42,1
98,65,44,1
76,58,53,1
98,50,42,1
81,91,62,0
85,68,78,0
84,82,69,0
76,83,89,0
72,65,84,1
79,93,62,0
84,89,66,0
63,67,93,1
69,83,49,1
62,74,64,1
77,94,52,1
95,55,55,1
81,70,80,0
93,55,73,1
67,81,94,1
99,90,76,0
78,97,61,0
96,92,56,1
65,88,62,1
85,80,93,0
93,91,75,0
65,59,88,1
96,79,48,1
92,67,91,0
81,73,41,1
80,58,71,1
65,80,95,1
65,64,89,1
63,53,92,1
89,89,98,0
70,58,61,1
89,94,82,0
90,58,52,1
83,75,47,1
68,53,98,1
62,66,40,1
90,65,56,1
99,64,51,1
96,84,43,1
95,54,92,1
83,54,52,1
90,69,70,0
65,64,80,1
61,67,98,1
79,96,46,1
87,51,62,1
70,78,63,1
63,62,44,1
74,53,44,1
65,91,56,1
89,94,69,0
97,59,48,1
61,80,45,1
74,90,64,1
70,57,58,1
67,52,55,1
85,97,60,0
64,95,41,1
65,58,49,1
85,79,55,1
63,60,76,1
78,84,54,1
79,86,52,1
92,91,52,1
79,62,71,0
71,85,84,1
60,62,86,1
85,61,85,0
73,86,47,1
97,59,82,1
96,58,57,1
70,56,95,1
95,51,75,1
72,72,65,1
62,88,49,1
92,89,70,0
65,88,72,1
69,70,68,1
64,72,44,1
82,78,52,1
69,63,40,1
61,75,62,1
72,54,79,1
99,80,42,1
61,74,42,1
79,80,46,1
60,99,75,1
96,69,74,0
68,93,54,1
76,66,79,0
68,94,42,1
70,51,68,1
74,74,69,1
83,62,78,0
97,88,57,1
94,77,50,1
89,91,82,0
90,55,88,1
64,52,99,1
73,84,77,1
70,67,79,1
68,60,40,1
93,69,68,0
71,54,49,1
94,68,67,0
94,71,96,0
60,68,70,1
99,96,58,1
81,65,42,1
88,73,75,0
67,90,82,1
70,53,54,1
96,64,72,0
73,74,80,1
89,93,82,0
94,84,90,0
80,63,84,0
96,98,65,0
64,68,55,1
78,87,75,0
73,85,72,1
85,56,59,1
63,79,52,1
84,68,72,0
84,98,44,1
77,74,76,0
99,65,53,1
67,96,66,1
98,89,62,0
99,57,53,1
73,67,79,1
91,77,43,1
97,65,78,0
92,68,91,0
82,91,58,1
74,66,86,1
92,94,93,0
84,62,43,1
76,56,69,1
92,76,58,1
61,59,70,1
73,83,70,1
99,85,48,1
99,74,92,0
98,55,52,1
65,73,53,1
65,67,94,1
62,72,99,1
66,55,85,1
67,78,93,1
74,74,49,1
88,66,87,0
92,95,70,0
89,73,76,0
98,60,62,0
86,75,66,0
95,83,45,1
88,77,65,0
97,52,41,1
92,60,84,0
96,87,52,1
86,63,90,0
92,75,89,0
63,97,99,1
81,70,58,1
61,88,40,1
69,79,79,1
64,57,71,1
69,69,61,1
92,97,87,0
97,81,68,0
72,71,41,1
90,56,79,1
95,58,77,1
83,94,87,0
74,50,94,1
88,78,50,1
67,57,56,1
64,53,94,1
88,84,90,0
63,52,82,1
71,94,99,1
61,89,47,1
86,56,61,1
90,76,43,1
95,50,50,1
95,76,47,1
85,65,48,1
86,87,65,0
64,56,41,1
79,93,55,1
70,72,70,1
69,90,45,1
99,60,92,0
97,91,60,0
65,82,65,1
67,99,98,1
82,85,58,1
85,86,67,0
71,90,47,1
85,66,53,1
72,84,63,1
99,97,87,0
77,54,83,1
84,97,76,0
92,81,95,0
99,52,65,1
71,96,70,1
95,84,95,0
63,63,90,1
64,97,71,1
96,80,89,0
67,80,80,1
87,66,41,1
90,73,64,0
68,72,91,1
88,67,83,0
73,99,41,1
99,63,81,0
81,99,40,1
70,64,75,1
82,64,96,0
60,55,51,1
96,76,48,1
80,64,75,0
85,99,80,0
95,85,67,0
82,57,77,1
60,64,72,1
99,52,81,1
74,96,85,1
80,62,61,0
68,90,64,1
68,83,57,1
69,73,45,1
85,89,57,1
94,81,91,0
84,81,55,1
85,79,54,1
70,98,87,1
97,62,47,1
61,50,52,1
66,83,94,1
77,64,82,0
86,93,99,0
93,63,96,0
86,78,46,1
76,83,56,1
83,67,89,0
84,56,71,1
66,78,61,1
65,80,94,1
83,74,90,0
92,87,96,0
88,63,52,1
81,57,86,1
85,76,62,0
87,51,93,1
80,66,68,0
66,86,61,1
76,63,40,1
79,74,68,0
79,79,87,0
81,78,44,1
87,69,97,0
99,70,74,0
66,71,94,1
60,84,49,1
91,86,58,1
72,65,76,1
89,99,46,1
82,98,85,0
78,92,74,0
91,66,84,0
89,65,52,1
88,51,49,1
88,53,41,1
89,70,45,1
75,88,47,1
99,83,75,0
78,79,64,0
77,55,83,1
60,66,99,1
73,88,86,1
61,74,79,1
87,54,46,1
89,54,85,1
97,69,62,0
63,65,58,1
60,90,85,1
67,86,61,1
88,89,52,1
98,58,60,1
62,54,40,1
91,91,98,0
69,51,58,1
69,58,99,1
78,92,72,0
93,85,43,1
92,71,81,0
82,71,42,1
87,71,66,0
91,83,91,0
66,78,80,1
88,87,74,0
67,95,67,1
60,82,45,1
62,67,45,1
83,56,94,1
82,50,96,1
67,82,83,1
96,50,62,1
62,73,72,1
92,53,55,1
87,53,63,1
67,67,44,1
93,76,80,0
94,92,81,0
91,81,52,1
83,82,86,0
73,77,51,1
91,91,44,1
75,90,76,0
63,85,70,1
96,55,67,1
80,65,67,0
73,83,69,1
90,72,57,1
77,99,83,0
66,91,66,1
69,73,74,1
66,98,65,1
92,62,96,0
82,67,78,0
80,62,88,0
78,98,90,0
78,86,99,0
95,92,57,1
88,88,72,0
77,91,64,0
61,66,95,1
60,64,70,1
64,67,76,1
79,72,98,0
70,79,99,1
61,83,41,1
62,53,72,1
82,52,78,1
71,56,82,1
79,67,82,0
64,91,71,1
96,56,57,1
97,89,56,1
89,55,73,1
68,71,78,1
93,50,46,1
94,53,81,1
81,95,93,0
83,98,92,0
76,99,74,0
69,92,69,1
89,78,51,1
82,70,74,0
91,75,50,1
76,63,83,0
76,58,96,1
73,96,43,1
68,61,64,1
99,91,87,0
61,55,71,1
84,69,59,1
98,73,89,0
68,76,70,1
81,87,43,1
63,57,93,1
85,50,77,1
88,98,92,0
93,98,86,0
82,73,40,1
96,96,42,1
70,56,76,1
65,68,61,1
77,71,56,1
80,84,53,1
95,79,80,0
97,78,74,0
93,71,97,0
76,60,52,1
96,69,74,0
84,78,82,0
97,90,41,1
71,91,95,1
82,83,86,0
81,50,52,1
80,80,90,0
86,79,93,0
90,97,55,1
65,67,57,1
86,66,46,1
99,87,84,0
93,63,75,0
71,72,80,1
66,74,69,1
69,64,81,1
76,95,80,0
85,71,46,1
80,52,54,1
87,68,99,0
61,93,79,1
60,83,58,1
95,84,82,0
85,99,76,0
88,50,41,1
80,70,81,0
70,78,87,1
99,55,94,1
70,86,52,1
95,50,79,1
98,50,80,1
99,76,82,0
94,70,82,0
93,65,94,0
83,93,97,0
81,89,70,0
64,75,55,1
92,65,81,0
95,77,95,0
79,50,83,1
78,85,96,0
94,59,45,1
76,92,67,0
93,66,71,0
68,72,83,1
85,56,49,1
61,93,89,1
68,56,57,1
68,93,43,1
99,64,48,1
76,83,46,1
60,95,89,1
84,94,47,1
99,53,82,1
84,63,46,1
98,63,80,0
94,65,79,0
62,56,42,1
96,81,56,1
89,68,41,1
97,51,54,1
93,59,85,1
71,99,68,1
78,66,89,0
96,86,87,0
76,61,91,0
69,55,61,1
71,71,43,1
75,81,96,0
83,90,91,0
78,69,45,1
67,50,77,1
90,96,65,0
80,55,50,1
76,68,65,0
82,67,56,1
96,55,63,1
75,94,67,0
65,82,74,1
67,72,70,1
84,72,52,1
77,75,93,0
84,62,74,0
71,56,55,1
74,64,54,1
85,93,82,0
85,76,57,1
91,75,86,0
69,82,76,1
75,64,87,0
66,85,87,1
76,94,88,0
82,76,80,0
85,54,66,1
80,51,94,1
81,82,74,0
66,65,91,1
73,72,84,1
74,87,93,1
66,65,74,1
68,63,67,1
67,78,78,1
82,75,77,0
88,84,48,1
77,64,51,1
90,52,54,1
89,72,60,0
98,78,91,0
94,83,74,0
77,82,81,0
98,90,72,0
76,90,90,0
73,72,58,1
90,56,94,1
83,52,62,1
94,81,52,1
93,80,83,0
62,67,40,1
96,92,90,0
99,56,68,1
85,90,63,0
82,50,55,1
98,63,64,0
74,81,94,1
63,55,62,1
88,88,67,0
81,59,86,1
84,56,55,1
72,75,82,1
77,83,95,0
92,79,77,0
75,85,50,1
61,70,42,1
94,66,54,1
93,82,40,1
89,59,46,1
72,96,40,1
72,91,88,1
77,61,71,0
91,65,48,1
91,90,68,0
94,81,65,0
98,64,62,0
88,76,84,0
88,77,82,0
75,66,68,0
69,95,91,1
89,99,77,0
84,51,72,1
98,85,46,1
79,99,51,1
64,56,70,1
60,62,71,1
89,64,93,0
62,74,59,1
73,72,94,1
89,71,90,0
63,75,56,1
77,82,75,0
96,60,42,1
84,59,40,1
60,74,89,1
74,86,66,1
68,97,92,1
74,92,86,1
83,87,79,0
63,90,72,1
71,94,59,1
96,73,53,1
96,89,75,0
65,95,44,1
98,82,62,0
83,66,84,0
70,73,99,1
72,86,95,1
93,51,54,1
84,81,45,1
66,73,72,1
63,58,94,1
67,53,58,1
79,66,52,1
88,66,68,0
69,99,45,1
93,97,54,1
85,79,55,1
62,89,63,1
65,60,62,1
64,70,87,1
64,70,49,1
82,67,93,0
68,78,80,1
94,73,80,0
79,59,88,1
94,94,56,1
77,66,88,0
76,67,95,0
83,91,83,0
62,97,84,1
91,69,69,0
94,86,83,0
97,94,85,0
72,67,49,1
84,66,94,0
68,58,58,1
63,63,68,1
73,98,41,1
96,78,75,0
93,80,58,1
70,53,46,1
62,67,65,1
87,69,54,1
88,96,86,0
68,92,95,1
62,93,77,1
84,58,42,1
93,62,77,0
71,64,55,1
68,76,41,1
74,64,70,1
99,77,67,0
84,86,46,1
64,68,69,1
70,75,82,1
93,75,97,0
83,74,46,1
74,75,75,1
97,75,68,0
67,95,63,1
64,77,91,1
85,98,78,0
77,67,43,1
65,81,68,1
96,52,83,1
72,51,44,1
87,82,94,0
64,91,68,1
72,68,69,1
76,66,68,0
99,93,65,0
91,82,58,1
88,61,65,0
62,98,76,1
99,52,66,1
93,92,69,0
99,98,90,0
86,75,92,0
72,84,69,1
92,57,42,1
65,85,98,1
83,56,97,1
78,95,82,0
75,95,46,1
99,85,88,0
87,65,96,0
92,73,48,1
72,50,92,1
84,98,80,0
95,74,81,0
86,59,52,1
97,65,54,1
66,65,93,1
64,57,44,1
90,78,68,0
82,88,74,0
69,77,66,1
91,55,66,1
89,65,47,1
98,69,71,0
90,65,59,1
77,56,49,1
95,90,52,1
61,63,68,1
73,92,74,1
72,75,93,1
88,75,47,1
71,63,68,1
98,56,70,1
61,82,80,1
91,75,69,0
72,94,61,1
86,69,60,0
76,52,51,1
99,53,50,1
90,75,41,1
93,60,89,0
83,51,80,1
94,63,41,1
65,93,73,1
78,79,42,1
89,98,55,1
66,61,90,1
69,75,43,1
91,93,62,0
93,82,96,0
87,62,89,0
74,63,59,1
89,73,64,0
96,83,69,0
88,93,57,1
81,75,81,0
63,70,50,1
79,77,68,0
91,97,56,1
95,85,65,0
63,89,95,1
86,51,96,1
76,91,62,0
71,58,95,1
81,72,91,0
76,64,87,0
69,62,59,1
60,72,84,1
81,66,41,1
85,97,63,0
77,51,70,1
73,69,66,1
88,69,41,1
71,95,96,1
95,52,53,1
94,61,43,1
71,89,88,1
66,51,52,1
88,85,75,0
70,63,74,1
92,65,83,0
65,68,93,1
74,83,94,1
91,93,47,1
70,95,41,1
82,55,45,1
85,62,70,0
93,85,93,0
93,71,49,1
88,67,83,0
63,61,60,1
76,79,81,0
94,89,49,1
72,56,62,1
98,81,42,1
74,97,71,1
88,68,59,1
88,55,49,1
70,69,68,1
91,76,80,0
61,92,91,1
73,86,90,1
79,97,85,0
81,56,73,1
70,54,76,1
86,60,59,1
62,64,47,1
76,52,46,1
87,54,45,1
88,72,50,1
80,86,83,0
75,58,57,1
96,64,90,0
79,52,81,1
65,78,96,1
78,55,68,1
64,66,64,1
62,75,60,1
60,70,85,1
97,57,42,1
74,70,57,1
93,60,63,0
94,87,86,0
84,57,77,1
83,91,49,1
71,73,66,1
77,84,51,1
74,63,46,1
75,63,56,1
86,59,40,1
67,61,97,1
84,87,89,0
76,93,65,0
88,95,54,1
67,83,90,1
74,90,99,1
86,59,72,1
66,66,76,1
62,66,86,1
88,52,70,1
83,80,74,0
62,50,40,1
79,61,47,1
74,88,51,1
84,53,98,1
89,91,93,0
73,62,96,1
66,83,58,1
76,91,64,0
79,70,96,0
95,71,71,0
68,53,51,1
97,67,52,1
81,54,67,1
61,68,40,1
83,51,90,1
67,61,45,1
70,66,47,1
72,59,43,1
76,83,44,1
67,55,64,1
80,57,61,1
77,60,67,0
89,61,78,0
77,58,62,1
90,51,43,1
97,57,91,1
91,60,43,1
70,85,86,1
84,59,98,1
92,70,60,0
97,69,76,0
67,97,95,1
70,57,80,1
81,85,41,1
83,78,98,0
76,91,46,1
71,61,88,1
91,63,55,1
74,97,56,1
75,99,59,1
81,70,97,0
87,71,62,0
79,70,73,0
92,93,50,1
69,99,73,1
99,79,72,0
91,88,65,0
92,69,41,1
61,73,62,1
92,72,80,0
92,56,61,1
72,58,97,1
89,50,73,1
92,75,99,0
72,87,54,1
85,87,49,1
81,93,54,1
98,71,81,0
61,93,68,1
97,59,96,1
98,55,62,1
85,66,98,0
74,99,56,1
93,87,99,0
99,73,48,1
70,59,89,1
62,57,75,1
65,70,48,1
68,55,55,1
65,70,75,1
68,88,87,1
98,73,90,0
90,82,72,0
91,67,94,0
71,77,70,1
67,81,45,1
67,61,49,1
87,97,55,1
79,91,43,1
66,76,93,1
70,59,61,1
79,95,52,1
75,91,55,1
63,81,91,1
65,91,68,1
81,75,45,1
85,74,65,0
62,60,50,1
73,72,63,1
70,83,68,1
77,89,42,1
71,72,91,1
82,78,49,1
71,80,99,1
72,56,40,1
84,89,91,0
78,82,82,0
95,70,65,0
67,51,97,1
88,67,51,1
91,96,53,1
77,82,64,0
65,86,47,1
77,83,82,0
78,69,43,1
81,84,67,0
96,99,46,1
91,67,49,1
62,95,90,1
87,73,96,0
69,57,97,1
94,79,75,0
88,93,41,1
74,59,65,1
92,72,92,0
66,98,89,1
71,60,53,1
89,51,97,1
80,75,55,1
90,85,93,0
83,82,82,0
79,96,81,0
96,62,56,1
63,89,85,1
87,74,61,0
79,53,43,1
83,91,58,1
91,68,41,1
95,67,78,0
93,86,48,1
95,79,99,0
61,68,58,1
74,72,55,1
93,65,93,0
95,50,64,1
65,61,87,1
98,73,57,1
71,83,62,1
62,57,92,1
77,67,60,0
99,97,50,1
80,54,78,1
74,75,80,1
92,79,43,1
94,62,64,0
85,68,71,0
67,78,69,1
95,52,84,1
89,75,98,0
82,89,65,0
73,61,96,1
73,51,75,1
61,60,90,1
96,93,73,0
64,77,48,1
97,67,51,1
73,62,41,1
98,86,77,0
84,71,44,1
79,61,44,1
61,51,91,1
98,86,61,0
65,56,44,1
76,75,98,0
84,75,43,1
87,73,48,1
61,61,68,1
94,65,61,0
96,72,66,0
64,89,49,1
60,58,55,1
99,81,81,0
71,64,81,1
95,86,90,0
82,62,49,1
90,54,45,1
70,60,88,1
69,59,44,1
62,62,97,1
73,90,45,1
75,95,98,0
69,99,95,1
88,64,98,0
69,91,86,1
71,56,64,1
89,89,98,0
60,77,90,1
64,81,89,1
79,84,43,1
67,64,79,1
71,97,98,1
60,85,87,1
79,70,71,0
87,55,95,1
96,50,90,1
96,53,91,1
71,60,74,1
96,93,49,1
87,75,73,0
74,86,75,1
65,72,45,1
79,78,82,0
73,70,85,1
61,97,55,1
68,94,98,1
96,94,92,0
79,98,58,1
85,76,73,0
88,88,64,0
60,89,70,1
94,62,88,0
65,72,80,1
96,65,56,1
64,79,86,1
92,53,69,1
73,89,78,1
71,65,93,1
79,80,94,0
83,91,70,0
93,74,58,1
84,93,74,0
88,61,68,0
98,75,98,0
90,86,40,1
82,97,43,1
97,82,67,0
79,77,57,1
82,58,65,1
75,61,79,0
67,54,58,1
80,77,94,0
60,84,94,1
67,54,99,1
88,83,96,0
91,95,45,1
97,83,40,1
64,62,47,1
81,88,72,0
93,91,90,0
60,94,82,1
85,97,60,0
69,63,63,1
89,60,64,0
77,91,86,0
76,87,94,0
85,53,96,1
67,82,82,1
99,56,58,1
71,90,68,1
86,57,92,1
67,86,49,1
84,59,95,1
63,92,51,1
92,64,72,0
60,87,95,1
78,64,46,1
90,54,56,1
75,78,97,0
73,68,99,1
64,59,49,1
85,61,70,0
87,53,99,1
61,80,45,1
65,67,56,1
68,65,89,1
92,89,76,0
84,85,57,1
72,74,65,1
68,72,88,1
72,61,93,1
90,83,55,1
70,85,47,1
63,86,63,1
93,52,52,1
97,58,68,1
63,67,71,1
97,92,63,0
78,84,55,1
65,83,50,1
93,90,71,0
77,63,45,1
72,53,98,1
82,78,74,0
78,90,72,0
70,94,57,1
60,99,76,1
83,64,52,1
66,77,49,1
84,91,76,0
80,65,65,0
74,61,85,1
60,54,56,1
71,83,40,1
66,91,64,1
74,50,73,1
80,88,78,0
78,81,49,1
88,75,59,1
84,66,46,1
92,97,95,0
91,76,55,1
94,73,76,0
97,84,68,0
85,95,99,0
70,91,51,1
94,88,56,1
67,75,87,1
73,98,59,1
69,87,65,1
61,72,87,1
68,71,58,1
62,53,97,1
80,98,86,0
85,58,51,1
67,53,60,1
61,56,81,1
65,72,97,1
87,51,93,1
88,98,73,0
85,73,46,1
84,89,84,0
71,80,74,1
64,96,54,1
93,80,40,1
96,96,65,0
74,89,74,1
95,97,64,0
74,92,81,1
82,83,98,0
65,73,98,1
80,98,54,1
82,75,61,0
75,65,98,0
74,96,45,1
84,62,91,0
95,64,54,1
70,76,63,1
74,53,60,1
63,65,46,1
80,79,96,0
72,93,68,1
81,79,71,0
78,85,71,0
93,52,92,1
73,71,98,1
63,98,44,1
86,71,43,1
88,99,61,0
87,99,57,1
94,98,74,0
67,61,56,1
75,70,89,0
95,53,89,1
89,80,95,0
77,93,63,0
61,80,41,1
72,72,52,1
63,69,93,1
85,64,54,1
84,72,44,1
89,77,42,1
70,65,76,1
66,86,76,1
90,70,76,0
69,64,42,1
98,66,74,0
72,99,91,1
90,86,62,0
66,62,99,1
95,68,67,0
79,79,99,0
63,94,69,1
66,67,57,1
60,63,97,1
72,85,91,1
81,85,75,0
80,69,72,0
81,68,65,0
87,94,87,0
68,93,79,1
85,56,56,1
68,93,79,1
74,53,46,1
69,83,96,1
83,51,47,1
67,54,92,1
83,59,95,1
75,81,70,0
85,91,98,0
86,90,97,0
96,62,51,1
63,88,87,1
83,54,70,1
78,59,83,1
95,59,58,1
98,87,49,1
69,76,78,1
84,70,51,1
77,57,59,1
78,50,76,1
95,77,87,0
69,98,80,1
92,88,46,1
64,63,91,1
94,70,93,0
93,79,97,0
92,70,53,1
80,98,50,1
76,58,46,1
81,66,68,0
96,54,49,1
74,80,68,1
94,89,48,1
87,87,75,0
66,92,87,1
91,68,49,1
70,85,58,1
69,99,95,1
68,82,70,1
73,62,56,1
72,63,48,1
84,82,84,0
61,78,72,1
94,92,73,0
66,98,84,1
80,85,63,0
77,93,48,1
62,59,46,1
98,80,55,1
70,55,58,1
98,50,78,1
83,56,45,1
78,76,89,0
63,70,90,1
85,77,50,1
97,65,51,1
91,95,97,0
98,72,81,0
95,69,52,1
99,87,51,1
96,74,60,0
92,77,49,1
95,54,59,1
62,70,89,1
68,67,75,1
67,96,67,1
92,55,63,1
65,78,44,1
98,68,76,0
63,82,99,1
72,50,51,1
61,94,97,1
64,52,74,1
86,91,79,0
91,70,93,0
80,84,41,1
67,90,89,1
97,89,80,0
67,52,84,1
62,74,78,1
62,94,81,1
81,87,48,1
65,94,61,1
61,69,86,1
82,93,44,1
61,94,51,1
97,83,40,1
76,70,83,0
94,97,61,0
93,72,77,0
82,55,90,1
89,62,58,1
67,98,55,1
81,72,70,0
95,58,90,1
64,66,42,1
72,51,62,1
88,68,81,0
90,68,98,0
75,56,57,1
89,91,65,0
75,91,52,1
71,69,97,1
76,58,57,1
75,66,42,1
71,76,97,1
67,96,99,1
79,51,62,1
62,85,42,1
75,68,94,0
89,66,64,0
82,54,66,1
87,88,97,0
99,67,83,0
64,56,66,1
79,66,91,0
99,88,78,0
60,85,64,1
89,89,63,0
80,94,47,1
79,53,48,1
65,87,85,1
81,74,76,0
77,54,69,1
67,79,92,1
98,61,58,1
91,53,92,1
92,73,55,1
75,78,63,0
71,58,83,1
97,53,60,1
93,73,75,0
73,63,79,1
95,54,78,1
92,67,86,0
82,91,45,1
61,68,44,1
80,61,53,1
61,67,92,1
86,66,84,0
68,79,81,1
60,73,89,1
70,60,43,1
62,84,47,1
82,72,63,0
85,66,50,1
63,50,56,1
77,64,89,0
65,81,60,1
94,58,96,1
81,64,65,0
74,77,82,1
81,73,87,0
96,84,83,0
71,71,84,1
97,76,66,0
77,68,55,1
94,94,94,0
89,61,65,0
83,69,92,0
89,50,72,1
73,70,70,1
65,98,87,1
62,94,86,1
75,50,45,1
66,59,83,1
73,96,47,1
68,81,46,1
74,88,73,1
80,71,83,0
94,67,92,0
61,97,53,1
86,95,55,1
61,81,82,1
94,76,91,0
77,77,48,1
73,67,49,1
79,88,56,1
77,98,51,1
69,78,45,1
84,67,58,1
61,93,82,1
84,57,80,1
92,80,92,0
95,83,68,0
90,56,45,1
73,85,98,1
60,67,64,1
75,87,96,0
62,58,63,1
94,58,64,1
65,95,55,1
84,57,91,1
72,84,55,1
93,67,45,1
67,54,76,1
80,63,60,0
93,77,43,1
63,79,73,1
84,53,67,1
74,88,77,1
63,69,80,1
71,74,67,1
91,77,56,1
91,61,53,1
87,51,46,1
72,92,61,1
90,63,90,0
73,71,40,1
79,80,68,0
77,72,91,0
88,97,70,0
65,69,69,1
91,87,96,0
88,53,54,1
61,64,57,1
82,73,74,0
78,74,89,0
90,50,69,1
64,56,73,1
78,80,81,0
93,61,50,1
69,91,66,1
84,54,63,1
61,93,74,1
70,99,78,1
90,91,47,1
74,87,90,1
68,61,57,1
82,88,52,1
78,67,84,0
68,51,63,1
94,59,90,1
80,64,62,0
68,79,51,1
87,93,88,0
66,66,69,1
75,53,70,1
75,56,67,1
92,90,61,0
63,80,83,1
63,88,67,1
98,83,52,1
99,55,64,1
76,99,83,0
96,87,90,0
98,94,85,0
88,83,46,1
95,93,84,0
97,64,45,1
98,63,63,0
96,55,58,1
94,99,58,1
66,86,75,1
86,99,90,0
87,81,48,1
81,52,87,1
73,52,98,1
66,71,75,1
96,71,77,0
81,59,79,1
64,52,98,1
61,61,68,1
86,78,63,0
80,97,87,0
97,66,44,1
74,56,92,1
80,62,93,0
69,51,81,1
82,53,94,1
98,59,84,1
64,88,65,1
60,73,53,1
72,66,78,1
80,55,68,1
85,68,91,0
80,54,45,1
77,81,46,1
96,59,76,1
91,58,92,1
95,76,57,1
76,62,62,0
94,68,83,0
70,70,77,1
80,73,98,0
85,87,40,1
63,53,43,1
93,73,90,0
77,84,83,0
99,52,86,1
94,53,74,1
88,86,62,0
88,89,66,0
97,97,99,0
80,84,65,0
72,80,91,1
76,93,99,0
68,74,47,1
60,89,82,1
61,62,55,1
88,53,80,1
92,95,42,1
69,63,71,1
99,62,44,1
80,76,59,1
87,55,53,1
70,66,99,1
93,85,71,0
67,89,65,1
81,98,86,0
67,84,45,1
74,66,98,1
76,90,97,0
82,51,75,1
83,62,79,0
78,51,90,1
64,77,98,1
91,92,44,1
60,75,52,1
82,71,71,0
96,96,55,1
67,92,40,1
72,52,52,1
67,84,93,1
82,61,50,1
60,73,92,1
83,54,47,1
94,69,64,0
83,88,79,0
76,88,71,0
64,62,63,1
79,90,67,0
80,94,53,1
99,61,84,0
90,62,42,1
95,59,75,1
70,82,66,1
74,89,59,1
78,65,86,0
66,94,54,1
87,84,66,0
64,52,92,1
64,54,84,1
89,75,80,0
91,60,67,0
67,56,64,1
69,59,81,1
97,91,83,0
91,83,85,0
87,52,72,1
76,57,85,1
90,80,53,1
67,60,47,1
99,94,87,0
84,56,53,1
68,94,40,1
61,51,55,1
74,55,57,1
62,90,46,1
95,81,54,1
63,69,63,1
73,83,88,1
84,99,90,0
69,65,94,1
80,74,52,1
95,61,48,1
71,56,95,1
86,88,95,0
99,66,54,1
61,94,96,1
72,60,97,1
91,55,74,1
90,72,63,0
75,76,72,0
91,95,55,1
91,55,47,1
93,87,68,0
70,51,62,1
69,71,84,1
74,69,70,1
76,74,79,0
99,64,88,0
77,98,93,0
68,78,94,1
84,57,53,1
99,86,98,0
73,98,92,1
84,82,69,0
81,71,92,0
89,99,78,0
79,96,66,0
80,54,86,1
91,88,55,1
80,67,90,0
94,87,45,1
91,86,94,0
89,79,72,0
98,80,83,0
71,59,57,1
77,64,55,1
80,91,51,1
72,97,59,1
80,93,84,0
67,67,79,1
99,72,98,0
66,82,68,1
82,65,69,0
91,87,65,0
70,84,61,1
81,83,72,0
81,77,97,0
84,51,92,1
81,79,78,0
87,62,86,0
88,90,68,0
72,65,61,1
77,54,84,1
61,77,52,1
88,88,99,0
80,94,48,1
74,69,63,1
86,73,54,1
90,76,75,0
74,79,52,1
82,94,66,0
83,76,83,0
72,75,76,1
81,56,46,1
96,91,47,1
92,96,76,0
62,87,80,1
78,54,53,1
82,72,97,0
88,77,51,1
89,83,75,0
98,64,91,0
84,81,79,0
96,75,56,1
67,97,79,1
75,80,92,0
67,68,68,1
60,58,66,1
64,78,40,1
62,88,91,1
60,53,73,1
63,52,43,1
99,78,63,0
94,60,60,0
91,82,72,0
93,87,46,1
84,60,40,1
69,76,80,1
80,82,42,1
98,70,83,0
86,88,90,0
86,80,54,1
61,87,70,1
72,95,93,1
68,51,55,1
95,76,49,1
81,85,93,0
85,60,68,0
71,96,98,1
76,67,98,0
73,50,45,1
73,84,68,1
93,84,56,1
79,80,92,0
70,77,99,1
75,88,61,0
90,50,63,1
65,74,56,1
78,92,60,0
96,87,90,0
63,69,89,1
63,52,50,1
79,51,95,1
69,67,46,1
83,93,81,0
94,59,78,1
85,54,44,1
96,58,83,1
97,51,87,1
80,83,96,0
99,87,60,0
98,80,57,1
80,59,74,1
69,99,59,1
97,61,54,1
63,85,44,1
79,70,52,1
76,98,90,0
66,96,51,1
63,55,94,1
88,97,60,0
73,98,76,1
62,52,45,1
83,59,46,1
96,54,65,1
75,95,81,0
63,75,87,1
83,70,47,1
93,94,48,1
89,75,66,0
77,87,43,1
78,93,60,0
90,75,70,0
78,57,60,1
78,54,79,1
81,64,64,0
83,65,78,0
71,50,54,1
89,65,92,0
97,86,74,0
90,52,88,1
95,96,82,0
78,80,80,0
95,62,76,0
89,65,96,0
92,92,81,0
77,70,86,0
87,51,67,1
70,76,53,1
92,87,43,1
76,75,92,0
65,87,59,1
63,95,73,1
79,74,51,1
86,60,72,0
74,57,63,1
65,57,59,1
73,82,44,1
70,56,77,1
98,87,69,0
68,70,63,1
85,57,82,1
75,70,79,0
64,69,46,1
69,57,75,1
62,95,77,1
72,80,55,1
89,99,91,0
65,78,54,1
76,97,85,0
78,58,62,1
94,64,51,1
85,79,68,0
64,75,83,1
88,59,87,1
96,78,54,1
79,65,68,0
80,85,84,0
69,69,82,1
64,94,88,1
95,86,60,0
65,71,54,1
85,56,53,1
63,72,81,1
98,90,83,0
98,89,55,1
94,78,54,1
60,65,81,1
83,87,43,1
95,77,66,0
65,97,62,1
90,87,68,0
79,80,80,0
83,63,92,0
84,82,91,0
95,58,48,1
80,76,92,0
89,73,96,0
83,62,95,0
89,75,91,0
81,78,82,0
87,98,82,0
66,92,46,1
94,77,92,0
87,77,81,0
73,57,43,1
69,72,44,1
75,78,44,1
75,54,50,1
90,91,80,0
84,56,67,1
72,91,55,1
65,85,80,1
68,90,93,1
95,76,69,0
79,95,43,1
77,51,41,1
80,74,85,0
63,58,42,1
92,76,89,0
86,50,60,1
66,72,45,1
65,59,82,1
74,91,92,1
77,74,57,1
91,52,83,1
70,55,44,1
79,55,48,1
83,51,59,1
74,67,67,1
66,72,65,1
80,51,57,1
85,61,58,1
73,71,42,1
96,86,48,1
80,69,75,0
77,88,70,0
64,73,88,1
62,97,56,1
82,69,94,0
85,50,62,1
96,50,73,1
83,66,80,0
78,50,80,1
84,94,44,1
80,79,54,1
71,90,86,1
92,96,42,1
63,52,58,1
66,95,67,1
81,60,42,1
92,73,77,0
76,71,43,1
83,93,63,0
93,94,70,0
87,75,84,0
98,62,98,0
81,50,84,1
76,73,98,0
93,59,50,1
65,84,76,1
65,73,40,1
93,77,48,1
60,85,56,1
69,65,93,1
80,89,40,1
64,65,42,1
61,66,86,1
81,64,65,0
61,65,92,1
69,64,70,1
93,83,65,0
75,60,62,0
98,50,69,1
81,64,49,1
71,75,47,1
83,53,83,1
99,92,64,0
97,54,61,1
69,84,54,1
94,62,98,0
91,59,80,1
66,60,95,1
80,67,96,0
79,83,49,1
85,88,59,1
63,90,80,1
81,91,86,0
74,99,62,1
99,72,92,0
80,56,92,1
74,88,40,1
81,52,41,1
87,61,97,0
73,56,58,1
86,98,53,1
99,75,47,1
87,82,77,0
85,86,51,1
61,97,65,1
84,64,66,0
62,51,68,1
67,90,54,1
92,56,85,1
94,81,92,0
65,53,40,1
98,69,99,0
82,99,82,0
84,85,67,0
78,81,96,0
64,77,42,1
70,62,90,1
71,50,57,1
69,84,91,1
67,97,99,1
83,79,73,0
87,85,71,0
95,74,68,0
96,65,64,0
80,68,99,0
67,50,65,1
68,54,78,1
74,71,47,1
99,73,58,1
77,92,93,0
79,94,86,0
65,86,81,1
71,85,61,1
61,85,68,1
66,53,72,1
75,85,77,0
62,67,84,1
62,99,85,1
86,65,74,0
99,90,82,0
97,67,42,1
92,71,58,1
87,51,49,1
60,70,66,1
67,85,54,1
96,93,50,1
91,88,86,0
96,96,65,0
63,88,98,1
89,78,63,0
65,75,52,1
78,70,71,0
91,66,76,0
68,65,43,1
71,80,52,1
70,58,48,1
75,80,96,0
60,63,88,1
80,98,73,0
89,86,95,0
72,51,76,1
93,97,87,0
63,95,46,1
87,63,40,1
97,82,99,0
90,84,97,0
86,88,51,1
64,96,60,1
84,69,50,1
62,51,83,1
92,90,90,0
63,68,97,1
84,86,83,0
79,67,83,0
93,65,53,1
85,53,73,1
64,61,73,1
94,78,64,0
87,56,43,1
88,63,91,0
68,61,94,1
97,84,65,0
65,54,55,1
78,66,49,1
70,91,84,1
61,81,41,1
68,59,74,1
80,92,58,1
83,66,45,1
93,54,58,1
81,94,98,0
62,91,92,1
71,58,91,1
87,98,90,0
89,82,47,1
85,85,53,1
80,85,49,1
87,67,42,1
85,58,77,1
92,78,68,0
80,99,54,1
94,63,62,0
93,74,62,0
77,64,57,1
70,55,85,1
82,91,58,1
81,78,67,0
76,64,65,0
64,78,49,1
70,53,86,1
89,67,43,1
74,99,94,1
86,98,41,1
94,93,42,1
92,88,46,1
79,65,94,0
75,60,55,1
93,63,70,0
61,52,49,1
94,99,58,1
99,91,67,0
87,87,56,1
98,94,67,0
65,91,58,1
68,67,76,1
79,69,62,0
60,97,59,1
67,74,52,1
82,87,52,1
62,62,82,1
63,53,50,1
84,63,87,0
97,82,54,1
74,77,56,1
80,86,93,0
94,57,89,1
73,93,67,1
95,83,58,1
71,93,43,1
76,54,61,1
98,54,61,1
68,80,94,1
94,94,76,0
72,58,78,1
74,91,73,1
77,81,72,0
92,82,83,0
65,52,81,1
86,79,79,0
82,99,72,0
86,61,51,1
93,78,41,1
97,52,98,1
73,75,67,1
95,79,49,1
67,58,61,1
94,75,56,1
78,51,65,1
89,52,42,1
73,95,46,1
79,53,83,1
84,74,47,1
99,62,59,1
83,88,51,1
73,93,74,1
85,84,56,1
97,72,67,0
82,58,80,1
81,51,49,1
78,90,61,0
62,93,77,1
78,80,96,0
68,93,72,1
87,96,61,0
79,51,83,1
66,81,76,1
73,67,52,1
68,62,66,1
78,95,54,1
73,54,61,1
97,91,69,0
95,93,82,0
99,59,79,1
76,92,76,0
89,74,73,0
68,83,83,1
92,86,99,0
84,79,73,0
73,56,97,1
70,55,87,1
94,52,92,1
73,62,74,1
89,52,81,1
63,75,58,1
63,73,47,1
87,55,78,1
67,92,72,1
61,98,83,1
81,91,67,0
75,61,76,0
88,98,87,0
89,85,64,0
71,51,75,1
94,60,56,1
70,88,63,1
80,83,60,0
80,75,41,1
64,67,70,1
79,70,83,0
96,85,72,0
62,89,69,1
92,95,51,1
68,93,83,1
68,71,51,1
63,79,90,1
94,99,96,0
76,92,88,0
93,79,91,0
83,57,63,1
91,83,63,0
60,96,97,1
67,58,99,1
82,69,50,1
99,89,52,1
71,74,66,1
71,68,47,1
74,54,49,1
78,60,47,1
85,64,59,1
88,57,47,1
81,68,48,1
99,72,46,1
80,76,53,1
97,89,67,0
79,81,41,1
88,75,96,0
63,76,82,1
66,68,47,1
87,99,52,1
87,91,60,0
63,78,86,1
81,88,67,0
71,90,74,1
62,82,62,1
81,68,85,0
61,86,54,1
83,68,41,1
93,82,90,0
86,96,51,1
60,65,96,1
67,72,91,1
82,56,75,1
97,75,42,1
65,81,44,1
81,61,42,1
84,57,96,1
77,54,86,1
76,91,58,1
71,77,41,1
65,54,83,1
85,98,76,0
86,75,93,0
67,54,56,1
78,71,53,1
60,64,67,1
88,62,66,0
94,77,93,0
99,82,49,1
73,92,42,1
94,72,75,0
79,82,77,0
72,92,95,1
97,67,64,0
67,99,61,1
79,79,87,0
92,75,78,0
85,65,86,0
98,62,69,0
80,88,60,0
68,82,69,1
83,75,67,0
96,97,70,0
76,50,96,1
83,98,91,0
80,87,65,0
98,51,82,1
98,98,61,0
72,55,60,1
70,95,40,1
78,99,76,0
70,87,52,1
72,91,60,1
60,73,85,1
99,67,48,1
78,76,56,1
71,90,86,1
67,57,60,1
67,77,70,1
71,59,78,1
92,66,98,0
85,78,93,0
98,55,61,1
87,63,51,1
64,71,94,1
67,55,45,1
84,75,92,0
86,88,55,1
82,61,65,0
89,84,44,1
82,63,48,1
79,71,85,0
77,72,79,0
77,97,53,1
61,56,83,1
63,89,81,1
89,99,69,0
92,74,91,0
95,62,91,0
77,70,65,0
96,90,92,0
78,59,84,1
87,58,68,1
99,64,58,1
79,51,86,1
92,74,47,1
71,62,62,1
74,83,92,1
98,83,81,0
61,84,74,1
88,87,70,0
69,52,92,1
61,91,74,1
70,55,71,1
72,97,97,1
69,98,44,1
73,68,55,1
77,52,56,1
68,67,71,1
98,88,77,0
87,58,97,1
62,61,71,1
79,54,91,1
65,52,59,1
86,60,87,0
61,79,95,1
88,53,41,1
97,54,59,1
62,50,86,1
75,76,57,1
89,77,40,1
99,78,97,0
61,67,68,1
76,61,68,0
71,62,58,1
94,90,83,0
60,51,79,1
74,86,45,1
85,94,83,0
96,65,78,0
80,97,89,0
90,73,93,0
84,84,85,0
82,71,47,1
83,85,63,0
97,60,59,1
87,95,93,0
80,78,53,1
77,84,44,1
95,97,80,0
94,64,79,0
68,80,73,1
97,91,99,0
89,90,55,1
93,92,84,0
91,65,46,1
62,59,55,1
62,98,46,1
87,81,66,0
74,51,53,1
82,73,53,1
99,72,83,0
70,51,72,1
91,87,72,0
95,80,83,0
92,89,59,1
83,75,92,0
98,78,86,0
93,52,75,1
87,63,46,1
96,74,71,0
66,97,87,1
63,50,42,1
96,52,78,1
60,75,68,1
60,67,63,1
79,58,61,1
78,87,45,1
88,72,87,0
69,70,63,1
77,50,79,1
87,70,62,0
94,76,93,0
90,91,77,0
86,55,49,1
70,93,55,1
97,85,50,1
64,77,71,1
67,94,84,1
93,66,45,1
71,89,63,1
97,52,72,1
60,61,92,1
90,88,90,0
63,61,51,1
64,51,95,1
89,95,66,0
83,71,77,0
62,72,57,1
70,79,84,1
63,54,78,1
85,58,94,1
86,70,52,1
86,60,92,0
65,54,79,1
74,84,69,1
89,76,92,0
96,98,88,0
96,51,80,1
96,73,91,0
94,80,52,1
82,82,73,0
65,88,75,1
63,79,69,1
77,95,64,0
68,86,41,1
88,77,75,0
72,80,57,1
76,60,44,1
91,72,58,1
81,51,81,1
63,89,57,1
64,90,96,1
96,76,71,0
72,84,60,1
93,51,49,1
81,88,76,0
82,86,88,0
62,70,61,1
93,54,52,1
91,94,94,0
80,70,56,1
80,78,48,1
70,69,63,1
98,87,83,0
63,69,53,1
60,99,85,1
87,74,47,1
83,51,94,1
94,81,76,0
72,75,58,1
93,55,67,1
70,90,85,1
95,52,80,1
76,82,69,0
94,50,46,1
77,54,98,1
99,62,97,0
81,68,65,0
83,61,79,0
78,97,85,0
96,74,93,0
98,84,99,0
80,61,85,0
67,79,50,1
87,54,53,1
64,83,60,1
76,71,47,1
96,88,42,1
95,62,67,0
78,96,68,0
86,52,62,1
93,69,57,1
70,80,74,1
71,54,52,1
80,73,51,1
70,89,86,1
98,82,89,0
87,57,44,1
64,73,78,1
76,99,50,1
79,69,97,0
71,65,98,1
65,99,50,1
76,61,98,0
78,62,86,0
85,94,81,0
91,91,86,0
65,88,70,1
95,74,70,0
97,95,52,1
70,81,53,1
92,73,88,0
83,97,84,0
82,96,81,0
74,93,64,1
86,58,72,1
70,89,72,1
76,99,54,1
73,72,55,1
86,99,83,0
77,62,97,0
87,81,95,0
63,99,77,1
66,64,45,1
94,85,83,0
68,98,64,1
67,54,54,1
76,71,43,1
76,65,95,0
92,90,43,1
91,59,69,1
67,73,73,1
78,67,66,0
97,98,70,0
62,67,95,1
64,56,71,1
72,53,83,1
90,75,78,0
75,54,91,1
91,65,48,1
81,84,80,0
88,75,47,1
81,67,53,1
62,78,72,1
69,72,62,1
80,63,60,0
75,64,94,0
71,98,51,1
61,82,96,1
83,74,41,1
94,70,52,1
89,66,98,0
89,72,43,1
94,92,59,1
78,66,89,0
67,63,90,1
85,78,87,0
99,69,98,0
66,79,53,1
89,68,69,0
66,88,68,1
62,62,47,1
60,67,51,1
95,72,80,0
84,95,77,0
96,82,65,0
60,88,89,1
74,89,41,1
96,67,94,0
72,58,79,1
99,82,95,0
67,81,53,1
64,66,45,1
68,68,81,1
60,76,79,1
95,55,70,1
94,84,56,1
61,86,64,1
99,83,71,0
82,69,51,1
68,74,88,1
93,53,52,1
73,59,58,1
63,59,83,1
89,73,87,0
90,70,64,0
97,60,70,0
70,76,98,1
94,65,76,0
67,75,64,1
62,79,55,1
73,98,96,1
72,65,77,1
91,56,82,1
93,65,88,0
78,84,97,0
97,65,62,0
75,89,53,1
61,61,45,1
99,84,64,0
76,98,62,0
93,70,99,0
75,99,82,0
97,92,51,1
61,85,52,1
61,97,75,1
85,66,78,0
72,81,73,1
90,90,45,1
93,55,77,1
98,73,89,0
62,76,91,1
67,69,79,1
82,74,47,1
73,51,47,1
86,58,79,1
88,77,72,0
98,87,73,0
98,52,83,1
60,69,54,1
76,55,75,1
89,88,99,0
72,82,96,1
80,50,74,1
78,86,85,0
78,55,61,1
84,94,62,0
81,83,79,0
90,96,84,0
76,64,94,0
82,94,90,0
91,75,61,0
69,63,44,1
69,56,70,1
95,95,52,1
67,80,67,1
79,73,97,0
91,80,59,1
73,78,72,1
87,91,55,1
83,81,68,0
74,66,62,1
81,63,63,0
89,89,73,0
63,85,46,1
72,97,77,1
82,73,76,0
67,94,43,1
77,76,73,0
71,74,81,1
90,81,61,0
73,67,44,1
93,95,89,0
77,67,81,0
93,86,62,0
70,75,93,1
71,58,99,1
74,84,54,1
90,57,70,1
88,69,98,0
85,91,48,1
77,71,82,0
91,68,97,0
81,79,92,0
97,77,64,0
76,84,64,0
82,92,88,0
83,60,60,0
67,80,48,1
65,98,94,1
64,97,87,1
88,88,77,0
87,85,61,0
70,79,82,1
60,72,62,1
78,68,88,0
68,61,43,1
86,64,68,0
93,80,54,1
63,92,40,1
95,86,93,0
77,86,69,0
74,64,68,1
72,78,59,1
78,99,72,0
65,92,80,1
71,75,83,1
96,93,75,0
76,51,99,1
82,69,61,0
85,64,52,1
88,53,46,1
92,71,47,1
86,99,67,0
84,87,84,0
69,72,82,1
82,75,48,1
80,60,64,0
80,77,95,0
72,51,55,1
96,57,49,1
92,78,50,1
83,60,70,0
70,86,51,1
76,67,99,0
63,99,70,1
84,63,53,1
89,59,90,1
68,84,83,1
80,58,71,1
79,84,89,0
78,60,92,0
78,93,56,1
71,61,74,1
96,52,40,1
76,88,68,0
96,63,90,0
98,77,43,1
87,60,62,0
94,88,67,0
77,74,55,1
73,70,51,1
94,59,92,1
66,92,60,1
72,64,84,1
77,68,56,1
96,97,79,0
72,71,52,1
95,70,91,0
90,93,97,0
61,81,71,1
75,99,76,0
68,72,89,1
68,62,54,1
97,54,51,1
70,53,88,1
81,77,96,0
92,63,54,1
95,57,73,1
82,58,45,1
93,84,56,1
68,86,87,1
83,70,88,0
67,67,96,1
66,82,59,1
95,57,48,1
77,98,98,0
62,66,44,1
87,92,62,0
65,80,72,1
80,83,77,0
87,55,95,1
99,71,53,1
60,63,56,1
95,52,96,1
80,61,58,1
94,85,72,0
72,61,40,1
69,94,52,1
69,51,85,1
72,51,66,1
96,64,45,1
97,72,98,0
83,78,45,1
61,66,72,1
81,81,69,0
76,56,85,1
95,79,74,0
73,77,62,1
69,63,49,1
94,93,90,0
84,79,58,1
62,66,90,1
97,81,67,0
76,95,62,0
71,55,43,1
83,73,59,1
88,55,58,1
84,76,81,0
95,67,66,0
85,73,96,0
97,86,73,0
60,73,43,1
79,87,95,0
87,83,77,0
75,89,46,1
76,96,87,0
99,64,46,1
87,60,89,0
71,71,91,1
86,73,65,0
89,50,65,1
93,67,93,0
96,93,58,1
65,61,48,1
66,92,59,1
91,77,81,0
91,89,84,0
84,56,89,1
92,72,55,1
66,70,93,1
71,83,56,1
75,60,61,0
75,71,52,1
95,91,51,1
72,84,49,1
66,78,40,1
95,91,71,0
68,77,69,1
91,67,47,1
70,63,60,1
67,67,61,1
92,77,57,1
82,73,41,1
84,57,87,1
67,91,83,1
81,94,48,1
63,57,42,1
99,53,93,1
62,76,65,1
88,85,60,0
88,54,69,1
93,82,67,0
93,98,75,0
87,83,65,0
72,79,73,1
74,57,47,1
82,88,49,1
85,96,87,0
63,75,94,1
85,86,82,0
99,83,89,0
68,56,93,1
64,89,53,1
91,77,79,0
79,88,94,0
70,88,54,1
74,77,56,1
91,63,92,0
87,99,57,1
81,87,71,0
76,53,77,1
85,91,62,0
66,67,85,1
85,93,62,0
84,97,74,0
69,74,78,1
78,56,54,1
70,87,92,1
72,77,63,1
67,54,67,1
99,52,55,1
63,93,55,1
90,80,79,0
87,96,78,0
70,91,45,1
60,69,41,1
97,68,93,0
83,97,52,1
90,60,83,0
85,89,86,0
64,52,98,1
79,72,48,1
70,56,73,1
92,72,56,1
97,56,66,1
86,95,68,0
93,83,76,0
74,91,82,1
91,68,61,0
80,58,90,1
64,97,63,1
65,67,46,1
97,90,73,0
81,97,87,0
77,94,51,1
73,91,62,1
69,74,54,1
72,63,72,1
90,93,96,0
89,74,52,1
62,68,62,1
89,88,77,0
65,64,71,1
88,65,84,0
67,76,89,1
92,89,74,0
76,59,40,1
70,53,86,1
72,68,97,1
70,77,84,1
90,70,44,1
87,96,96,0
65,63,52,1
75,82,93,0
63,97,44,1
94,59,99,1
85,68,71,0
71,79,90,1
70,71,60,1
96,52,63,1
84,86,99,0
77,90,57,1
78,67,60,0
82,60,93,0
97,97,49,1
77,51,63,1
85,61,79,0
65,55,86,1
63,92,60,1
88,89,64,0
93,93,91,0
76,78,99,0
75,79,96,0
61,51,98,1
93,58,62,1
67,96,61,1
72,51,43,1
67,78,73,1
89,82,95,0
91,59,45,1
95,83,67,0
89,93,70,0
60,57,74,1
98,86,78,0
76,82,81,0
79,96,62,0
83,55,45,1
81,93,55,1
88,89,41,1
81,94,63,0
68,68,56,1
96,81,84,0
69,76,40,1
95,50,45,1
96,92,44,1
87,82,96,0
87,89,84,0
80,81,99,0
83,54,94,1
99,66,89,0
61,57,68,1
67,91,51,1
86,83,78,0
81,58,86,1
96,72,42,1
86,84,87,0
88,99,40,1
62,56,66,1
72,64,87,1
69,69,63,1
95,99,83,0
68,74,58,1
86,52,98,1
93,95,47,1
60,73,94,1
91,83,83,0
84,95,86,0
88,71,41,1
66,60,69,1
62,97,69,1
79,57,88,1
79,88,78,0
89,92,84,0
94,84,71,0
94,98,40,1
98,95,77,0
86,87,52,1
85,57,50,1
73,86,49,1
76,76,87,0
77,77,98,0
88,89,65,0
79,83,95,0
86,81,94,0
77,64,59,1
63,93,56,1
60,66,56,1
60,82,43,1
85,96,44,1
79,95,99,0
82,65,62,0
69,78,85,1
70,58,91,1
64,82,49,1
60,98,85,1
76,78,67,0
81,62,72,0
93,70,82,0
88,70,65,0
63,54,94,1
64,59,89,1
70,55,87,1
80,62,68,0
94,50,66,1
71,69,57,1
85,96,79,0
78,95,99,0
66,57,49,1
66,59,97,1
85,58,81,1
99,98,44,1
64,90,49,1
80,52,89,1
73,60,60,1
63,61,63,1
82,59,77,1
79,74,42,1
74,98,79,1
88,98,70,0
67,74,80,1
78,60,76,0
98,85,41,1
87,88,41,1
86,75,78,0
63,63,88,1
74,88,81,1
94,89,83,0
96,50,73,1
60,53,81,1
62,79,59,1
83,61,72,0
86,84,43,1
99,62,84,0
95,80,83,0
93,87,50,1
88,92,81,0
83,72,86,0
83,53,44,1
63,65,64,1
62,56,88,1
93,71,99,0
82,78,76,0
82,60,73,0
64,82,48,1
90,78,45,1
65,88,57,1
96,61,53,1
69,56,58,1
99,88,53,1
66,91,79,1
98,97,56,1
97,75,99,0
80,89,74,0
79,58,68,1
62,90,81,1
81,83,56,1
63,94,98,1
87,62,82,0
71,85,47,1
97,74,40,1
95,73,84,0
64,93,92,1
72,66,75,1
82,51,46,1
89,62,85,0
96,80,44,1
84,78,63,0
86,99,67,0
73,77,82,1
95,76,56,1
98,64,76,0
75,80,59,1
81,89,42,1
80,64,76,0
80,82,65,0
67,69,54,1
75,91,90,0
90,61,87,0
69,86,47,1
91,58,52,1
93,72,87,0
68,57,42,1
76,81,40,1
70,97,48,1
91,63,70,0
69,76,80,1
81,74,93,0
76,62,65,0
63,70,56,1
84,94,95,0
80,80,73,0
96,86,48,1
97,97,95,0
60,92,90,1
84,54,52,1
95,62,44,1
76,77,80,0
83,92,52,1
61,74,40,1
99,84,64,0
74,96,86,1
91,88,43,1
98,56,75,1
65,87,91,1
60,81,49,1
82,52,67,1
98,94,96,0
76,88,45,1
93,86,66,0
88,99,95,0
68,71,51,1
72,57,91,1
65,66,87,1
65,76,42,1
79,82,85,0
62,95,72,1
76,66,49,1
71,91,70,1
60,61,54,1
76,97,46,1
62,95,75,1
85,76,53,1
74,97,95,1
95,57,87,1
91,72,53,1
91,91,42,1
63,98,88,1
77,78,92,0
78,99,85,0
94,69,89,0
99,65,42,1
73,66,61,1
92,65,58,1
73,68,74,1
93,57,51,1
63,87,93,1
83,87,44,1
88,78,49,1
78,90,80,0
65,85,72,1
92,75,52,1
99,80,74,0
78,93,90,0
60,61,71,1
64,66,50,1
86,64,87,0
75,58,77,1
65,88,63,1
99,91,74,0
72,97,58,1
94,61,45,1
78,81,79,0
71,74,93,1
75,88,84,0
69,67,83,1
84,64,81,0
79,81,74,0
90,55,43,1
63,93,72,1
82,92,52,1
61,84,95,1
81,83,75,0
96,87,93,0
67,54,82,1
66,67,58,1
73,65,82,1
62,57,51,1
75,74,50,1
78,81,45,1
77,75,51,1
75,71,66,0
67,80,80,1
92,92,64,0
71,59,81,1
70,61,42,1
64,77,42,1
86,55,59,1
71,69,67,1
76,54,62,1
65,72,87,1
92,58,42,1
64,78,81,1
87,65,63,0
73,95,82,1
64,71,79,1
92,57,45,1
78,69,59,1
81,63,50,1
64,88,71,1
61,86,99,1
89,99,66,0
98,83,60,0
63,60,83,1
92,89,87,0
72,82,89,1
79,80,52,1
66,93,61,1
74,83,74,1
82,99,86,0
73,56,61,1
82,98,67,0
78,72,60,0
88,95,85,0
79,56,57,1
88,74,70,0
83,52,99,1
77,87,85,0
69,69,76,1
67,83,60,1
85,98,53,1
88,93,64,0
69,93,66,1
76,79,79,0
61,66,99,1
65,59,99,1
64,84,62,1
87,69,70,0
64,67,86,1
77,94,99,0
85,93,68,0
79,76,86,0
86,98,69,0
71,85,90,1
66,72,65,1
62,81,59,1
69,59,77,1
93,60,58,1
84,87,66,0
94,55,64,1
75,90,79,0
61,96,77,1
83,83,91,0
69,85,62,1
97,86,68,0
81,66,54,1
85,89,98,0
98,89,42,1
86,61,49,1
88,70,54,1
97,89,95,0
79,68,55,1
86,52,56,1
79,67,58,1
78,68,50,1
79,96,87,0
94,55,44,1
61,65,44,1
89,57,97,1
93,97,53,1
81,67,89,0
62,97,65,1
65,92,47,1
74,88,44,1
86,98,46,1
69,98,55,1
68,61,94,1
92,94,53,1
91,59,76,1
65,56,95,1
95,95,80,0
61,50,43,1
88,98,75,0
63,85,87,1
60,70,95,1
78,86,56,1
85,73,86,0
84,74,75,0
69,56,45,1
74,91,55,1
81,66,68,0
80,78,75,0
81,79,77,0
95,56,76,1
93,82,87,0
89,56,96,1
84,73,87,0
87,60,49,1
60,58,80,1
63,61,75,1
66,84,68,1
68,53,53,1
95,85,43,1
78,77,83,0
60,62,95,1
69,72,81,1
95,68,75,0
68,91,89,1
91,86,84,0
91,88,52,1
65,73,85,1
97,65,57,1
76,82,72,0
69,61,60,1
86,83,55,1
94,56,54,1
80,60,93,0
84,80,96,0
87,78,44,1
74,62,45,1
63,80,77,1
88,51,42,1
68,88,87,1
86,64,51,1
85,60,75,0
78,83,72,0
87,88,75,0
76,53,72,1
79,60,70,0
99,78,60,0
98,51,66,1
82,65,66,0
91,88,47,1
92,62,95,0
64,86,76,1
93,66,71,0
99,70,65,0
70,93,41,1
62,68,51,1
92,56,61,1
70,87,56,1
75,57,46,1
77,62,82,0
89,86,43,1
69,51,76,1
77,90,77,0
97,60,71,0
78,73,50,1
95,55,40,1
72,75,64,1
62,56,81,1
69,88,91,1
97,68,63,0
60,55,92,1
86,92,82,0
67,78,95,1
76,92,56,1
68,88,47,1
65,51,98,1
84,68,84,0
98,53,66,1
87,55,91,1
92,98,57,1
96,86,66,0
68,77,61,1
77,79,55,1
80,56,41,1
61,58,44,1
97,74,57,1
99,82,42,1
95,50,66,1
96,55,93,1
74,67,56,1
87,59,55,1
77,77,45,1
93,60,90,0
81,82,46,1
70,50,89,1
72,62,53,1
63,86,77,1
81,69,79,0
66,50,54,1
83,52,86,1
63,67,86,1
87,90,87,0
74,63,72,1
60,80,82,1
62,76,66,1
73,66,68,1
97,95,96,0
60,78,76,1
97,85,44,1
97,86,68,0
80,75,71,0
88,66,99,0
64,71,92,1
69,74,45,1
87,51,41,1
80,71,45,1
66,54,85,1
62,53,82,1
79,85,43,1
78,55,95,1
94,70,68,0
63,62,98,1
64,86,64,1
60,74,48,1
63,75,95,1
71,88,42,1
86,69,65,0
82,82,87,0
84,63,82,0
80,85,66,0
83,66,75,0
84,70,71,0
91,95,40,1
91,65,96,0
64,95,92,1
95,65,93,0
98,69,55,1
75,78,90,0
92,77,87,0
80,57,50,1
68,73,65,1
65,52,79,1
94,74,94,0
98,68,40,1
81,82,65,0
64,51,67,1
82,64,92,0
76,71,97,0
71,59,48,1
82,67,99,0
75,71,98,0
62,95,83,1
89,98,61,0
81,76,47,1
68,62,97,1
88,82,88,0
96,54,81,1
82,75,66,0
72,62,78,1
91,76,58,1
82,63,64,0
76,73,77,0
99,52,60,1
80,96,63,0
61,98,63,1
96,79,99,0
65,84,99,1
77,97,58,1
89,63,89,0
81,61,86,0
92,77,41,1
89,93,53,1
76,78,92,0
91,92,71,0
73,66,81,1
69,89,71,1
95,98,67,0
93,70,87,0
68,72,78,1
87,69,79,0
70,60,81,1
73,83,86,1
98,59,79,1
78,59,52,1
74,92,51,1
87,55,47,1
83,85,54,1
67,73,65,1
68,61,51,1
92,92,82,0
92,72,90,0
78,76,85,0
62,94,66,1
69,86,57,1
99,55,84,1
60,50,75,1
88,55,88,1
93,99,90,0
72,71,66,1
60,90,48,1
93,73,94,0
88,74,78,0
72,64,40,1
88,75,46,1
98,57,65,1
83,73,46,1
85,97,91,0
76,87,46,1
66,55,47,1
72,84,55,1
64,91,42,1
85,50,84,1
62,95,49,1
66,85,89,1
98,61,46,1
60,87,60,1
76,60,92,0
84,61,76,0
62,91,70,1
74,99,62,1
88,88,96,0
91,56,66,1
85,60,95,0
75,85,61,0
84,80,78,0
87,82,96,0
68,62,66,1
60,67,93,1
88,90,88,0
81,73,43,1
75,58,63,1
66,80,62,1
73,90,87,1
88,59,58,1
78,51,81,1
78,87,42,1
61,64,66,1
74,52,42,1
62,92,67,1
70,80,56,1
89,55,70,1
99,52,49,1
77,60,88,0
61,64,61,1
91,94,69,0
67,77,88,1
81,59,60,1
65,87,75,1
71,96,92,1
99,99,62,0
95,99,77,0
74,56,51,1
87,64,64,0
77,67,93,0
61,67,96,1
72,90,59,1
74,73,88,1
79,51,88,1
88,89,81,0
88,69,46,1
62,83,68,1
78,92,87,0
62,75,68,1
73,56,52,1
99,87,42,1
63,79,41,1
70,91,55,1
90,54,69,1
91,60,77,0
86,50,45,1
89,83,84,0
61,50,46,1
68,68,44,1
87,51,95,1
90,70,46,1
93,69,73,0
74,72,71,1
84,70,88,0
95,73,52,1
67,53,69,1
68,61,64,1
96,71,60,0
98,69,99,0
91,67,98,0
76,50,60,1
94,79,67,0
96,82,87,0
78,73,97,0
88,63,59,1
66,85,73,1
87,54,44,1
68,60,57,1
87,73,99,0
65,80,78,1
88,62,82,0
76,65,96,0
75,73,96,0
82,62,50,1
90,73,93,0
62,75,56,1
80,51,87,1
85,65,84,0
95,87,61,0
96,95,76,0
81,50,59,1
71,98,87,1
72,60,99,1
70,84,93,1
75,92,93,0
67,78,87,1
99,86,87,0
99,66,85,0
61,88,45,1
89,91,73,0
89,77,53,1
71,78,87,1
69,92,62,1
70,52,59,1
74,59,52,1
75,91,86,0
76,63,83,0
85,61,80,0
61,96,71,1
71,91,65,1
85,79,89,0
82,81,92,0
77,81,53,1
91,91,91,0
97,81,96,0
62,75,75,1
97,50,47,1
62,91,79,1
89,51,61,1
60,66,61,1
89,79,55,1
91,88,66,0
87,56,95,1
80,76,99,0
72,58,99,1
86,71,49,1
95,83,64,0
66,95,70,1
81,98,60,0
69,50,66,1
98,58,56,1
74,69,72,1
74,68,70,1
63,85,89,1
91,89,81,0
82,94,65,0
65,53,60,1
83,58,75,1
79,90,40,1
96,71,43,1
79,67,43,1
71,61,65,1
92,91,43,1
87,92,88,0
67,88,48,1
60,58,69,1
96,55,90,1
81,68,84,0
65,97,43,1
80,96,44,1
91,56,84,1
94,65,62,0
74,54,55,1
64,65,61,1
65,50,76,1
84,86,47,1
99,88,87,0
88,68,72,0
66,86,94,1
99,66,99,0
72,75,77,1
97,71,82,0
77,57,55,1
61,82,44,1
67,51,55,1
70,79,46,1
92,96,90,0
97,69,40,1
86,67,48,1
79,92,57,1
71,59,84,1
90,73,97,0
86,53,86,1
91,86,42,1
69,53,63,1
62,62,67,1
86,74,49,1
94,62,48,1
90,67,52,1
74,73,87,1
75,51,74,1
72,97,93,1
94,82,62,0
70,68,86,1
80,58,56,1
70,77,85,1
89,84,46,1
94,88,91,0
81,59,55,1
97,50,92,1
90,91,79,0
73,70,75,1
83,58,59,1
91,96,63,0
95,64,86,0
91,84,44,1
74,54,84,1
94,90,45,1
62,71,67,1
75,90,98,0
64,72,44,1
80,56,88,1
69,72,78,1
78,93,77,0
84,74,41,1
63,76,82,1
88,90,78,0
78,55,93,1
61,83,60,1
69,58,79,1
84,98,76,0
79,82,98,0
78,55,57,1
82,86,93,0
83,80,87,0
70,83,85,1
93,90,51,1
87,78,56,1
64,63,76,1
64,85,85,1
80,85,77,0
71,64,54,1
63,57,46,1
79,75,53,1
97,85,89,0
84,97,40,1
73,70,77,1
70,77,42,1
91,53,76,1
70,65,83,1
77,71,70,0
86,61,82,0
77,65,52,1
82,89,87,0
70,87,57,1
80,91,56,1
64,86,56,1
82,78,50,1
84,67,59,1
69,59,49,1
81,91,68,0
78,88,87,0
60,67,73,1
66,50,56,1
63,88,93,1
60,70,91,1
74,50,81,1
99,64,52,1
71,53,83,1
81,69,86,0
81,59,78,1
76,72,66,0
88,90,93,0
73,83,92,1
79,95,65,0
92,97,67,0
74,82,52,1
71,83,51,1
99,88,83,0
79,59,67,1
89,69,41,1
97,50,76,1
62,62,96,1
87,50,96,1
85,54,73,1
89,65,62,0
72,64,97,1
72,98,91,1
61,77,84,1
96,80,68,0
97,72,74,0
61,97,50,1
95,94,87,0
85,92,72,0
70,66,90,1
67,98,50,1
99,83,48,1
81,62,53,1
79,63,48,1
67,60,78,1
88,77,87,0
99,91,42,1
85,81,68,0
89,84,58,1
76,80,75,0
79,66,71,0
75,96,46,1
66,58,94,1
75,59,67,1
86,57,83,1
82,70,57,1
83,62,99,0
68,99,44,1
94,54,62,1
79,55,94,1
96,79,61,0
76,80,65,0
90,66,81,0
67,60,51,1
74,69,79,1
90,97,58,1
89,58,86,1
79,51,40,1
98,86,42,1
71,50,66,1
76,53,57,1
89,85,89,0
88,74,69,0
78,52,41,1
70,58,44,1
93,71,68,0
66,72,72,1
93,61,81,0
79,59,59,1
97,83,69,0
83,92,81,0
69,59,44,1
91,79,89,0
74,71,60,1
96,55,97,1
79,99,54,1
62,51,59,1
96,79,47,1
99,51,88,1
67,81,70,1
99,91,51,1
82,65,60,0
99,61,69,0
70,50,66,1
67,57,83,1
88,97,65,0
89,99,72,0
69,62,65,1
98,64,65,0
87,93,75,0
95,57,79,1
72,59,40,1
91,95,98,0
95,54,54,1
96,99,89,0
85,68,40,1
81,96,50,1
63,87,94,1
90,60,41,1
77,92,40,1
97,69,70,0
83,69,83,0
82,70,55,1
81,67,93,0
61,99,61,1
90,59,81,1
70,83,57,1
87,75,86,0
91,79,56,1
64,58,69,1
97,95,49,1
69,80,74,1
99,91,97,0
83,53,60,1
94,55,55,1
82,63,45,1
76,53,42,1
60,75,80,1
90,96,82,0
90,97,60,0
93,88,52,1
68,66,57,1
81,68,97,0
72,98,93,1
84,55,99,1
77,78,63,0
71,60,66,1
99,65,93,0
76,79,43,1
74,74,61,1
74,89,63,1
74,60,79,1
98,56,84,1
72,75,49,1
76,71,41,1
91,74,79,0
68,68,45,1
99,80,87,0
79,75,57,1
85,91,56,1
86,90,77,0
80,85,84,0
77,72,62,0
72,96,85,1
75,62,69,0
68,74,97,1
71,51,60,1
97,51,49,1
78,65,95,0
66,58,82,1
94,77,52,1
77,62,51,1
75,84,48,1
98,90,43,1
63,62,78,1
84,80,63,0
91,70,93,0
99,81,73,0
72,83,78,1
76,57,80,1
96,90,44,1
65,97,54,1
78,51,89,1
72,87,43,1
85,81,90,0
73,89,91,1
90,77,97,0
63,86,78,1
98,90,97,0
67,50,47,1
84,90,88,0
72,59,84,1
91,53,63,1
97,84,92,0
97,59,67,1
87,96,94,0
89,60,82,0
62,63,66,1
87,87,40,1
62,61,73,1
93,94,56,1
75,66,76,0
81,65,77,0
91,84,65,0
97,51,96,1
67,60,63,1
67,90,78,1
65,52,99,1
73,78,60,1
91,67,69,0
94,69,86,0
69,96,90,1
62,63,87,1
71,83,96,1
90,98,52,1
88,80,76,0
64,89,42,1
84,91,71,0
90,67,74,0
80,79,58,1
79,74,53,1
98,68,87,0
81,57,61,1
63,77,56,1
72,57,98,1
79,80,43,1
72,52,84,1
76,52,79,1
95,93,58,1
92,71,76,0
60,66,41,1
74,85,54,1
72,66,41,1
76,63,50,1
83,58,84,1
67,79,62,1
86,70,49,1
82,61,42,1
67,86,44,1
67,81,42,1
85,60,77,0
72,69,52,1
98,84,81,0
96,96,58,1
87,95,79,0
84,60,89,0
75,57,74,1
61,53,63,1
77,76,63,0
76,93,56,1
89,89,79,0
98,87,49,1
72,96,41,1
91,79,83,0
88,93,62,0
89,97,45,1
77,97,41,1
72,76,60,1
80,70,94,0
89,69,95,0
80,53,74,1
76,60,88,0
99,62,68,0
78,58,46,1
74,53,68,1
68,61,92,1
69,58,76,1
90,62,62,0
82,97,72,0
89,75,47,1
92,87,51,1
68,91,85,1
60,62,87,1
94,88,49,1
70,77,54,1
93,68,92,0
75,73,63,0
68,68,65,1
91,98,86,0
74,62,81,1
71,62,92,1
92,77,99,0
73,51,78,1
67,59,97,1
67,71,42,1
86,62,41,1
71,58,45,1
60,82,60,1
99,63,48,1
70,97,49,1
98,69,75,0
90,64,98,0
76,81,42,1
92,82,80,0
91,66,63,0
88,73,61,0
80,79,88,0
80,62,53,1
99,96,81,0
82,97,84,0
65,65,83,1
81,51,66,1
97,66,72,0
96,81,99,0
67,92,61,1
94,57,68,1
70,52,58,1
83,61,58,1
80,69,45,1
61,65,84,1
99,63,58,1
78,65,52,1
98,98,98,0
87,92,65,0
76,98,61,0
65,82,60,1
78,79,75,0
97,61,95,0
87,64,41,1
61,67,86,1
97,77,83,0
96,72,69,0
63,63,66,1
81,79,46,1
85,82,59,1
95,94,89,0
72,64,70,1
91,56,62,1
76,64,52,1
95,91,56,1
78,95,43,1
94,87,96,0
99,95,53,1
87,93,59,1
60,60,99,1
77,78,52,1
99,80,42,1
92,74,65,0
71,73,65,1
67,68,57,1
83,51,71,1
75,71,53,1
63,69,86,1
97,82,42,1
86,57,40,1
68,74,65,1
75,95,63,0
71,58,88,1
90,83,74,0
83,72,53,1
73,54,42,1
84,74,52,1
93,57,86,1
62,65,89,1
83,97,53,1
68,94,60,1
85,64,65,0
79,50,42,1
99,71,90,0
69,52,79,1
78,87,43,1
62,63,75,1
83,85,90,0
64,67,82,1
62,96,40,1
86,90,79,0
75,67,86,0
74,52,72,1
94,59,46,1
71,98,92,1
85,88,91,0
93,96,91,0
82,50,95,1
90,76,50,1
79,76,66,0
71,60,53,1
82,98,61,0
63,54,55,1
82,56,85,1
60,68,51,1
84,78,88,0
61,64,85,1
89,84,49,1
62,96,63,1
80,86,85,0
84,61,57,1
79,79,61,0
81,69,48,1
80,86,56,1
92,52,77,1
97,58,79,1
74,90,97,1
74,88,52,1
84,75,89,0
80,51,76,1
83,72,45,1
64,72,60,1
65,70,90,1
82,65,75,0
63,58,46,1
86,62,75,0
77,77,64,0
80,76,50,1
87,66,83,0
94,87,53,1
81,85,84,0
99,50,68,1
82,67,49,1
62,58,89,1
99,62,87,0
69,89,44,1
84,94,47,1
67,64,85,1
70,92,44,1
64,93,97,1
96,95,99,0
97,53,63,1
88,82,79,0
64,73,96,1
68,85,65,1
61,90,45,1
60,59,55,1
99,85,99,0
89,69,75,0
70,90,51,1
87,94,50,1
71,93,42,1
98,60,83,0
85,61,76,0
72,67,45,1
67,79,58,1
87,93,57,1
89,97,55,1
68,86,62,1
98,69,82,0
90,74,76,0
80,61,48,1
93,70,42,1
90,74,47,1
84,60,77,0
71,58,43,1
60,99,51,1
81,74,83,0
99,84,70,0
96,81,64,0
60,98,92,1
60,63,55,1
80,50,81,1
74,66,93,1
76,74,53,1
81,57,52,1
97,54,80,1
94,54,46,1
75,90,51,1
67,84,76,1
76,68,89,0
76,72,43,1
85,58,41,1
72,79,74,1
76,99,97,0
97,65,83,0
76,82,42,1
73,51,43,1
65,63,77,1
94,95,51,1
73,50,58,1
67,75,49,1
74,74,40,1
86,65,56,1
72,64,55,1
90,75,48,1
94,96,96,0
65,93,92,1
64,65,48,1
81,63,98,0
82,78,94,0
84,73,48,1
93,96,51,1
85,64,94,0
64,68,80,1
85,57,54,1
79,83,41,1
65,51,50,1
65,76,50,1
77,59,47,1
63,84,94,1
76,72,71,0
73,98,45,1
73,57,92,1
72,77,59,1
66,72,78,1
74,53,74,1
78,63,47,1
94,91,89,0
76,78,88,0
94,50,82,1
78,53,73,1
79,81,96,0
95,82,92,0
94,98,98,0
91,75,95,0
99,66,58,1
83,88,46,1
76,72,70,0
66,81,57,1
60,64,79,1
94,62,53,1
91,51,78,1
95,68,99,0
72,73,92,1
65,94,99,1
73,73,98,1
96,60,75,0
74,71,56,1
63,64,76,1
99,59,83,1
75,90,48,1
87,76,97,0
75,58,59,1
63,77,84,1
85,50,96,1
87,66,67,0
91,80,89,0
61,93,59,1
90,59,80,1
62,86,75,1
67,78,92,1
83,67,66,0
74,96,47,1
90,87,71,0
68,88,40,1
98,98,56,1
61,55,96,1
67,89,48,1
66,61,59,1
98,63,84,0
75,93,71,0
94,59,41,1
89,69,71,0
69,64,84,1
97,80,48,1
77,56,69,1
64,90,59,1
88,59,77,1
98,59,99,1
93,97,40,1
82,88,99,0
64,77,96,1
89,79,44,1
65,86,74,1
63,52,75,1
88,99,40,1
82,92,53,1
65,64,48,1
91,70,69,0
77,86,63,0
74,61,43,1
99,53,89,1
91,96,53,1
68,58,64,1
96,88,43,1
69,91,64,1
79,77,49,1
65,72,74,1
62,94,94,1
70,89,46,1
76,93,81,0
91,71,52,1
63,73,43,1
63,75,89,1
76,79,82,0
78,82,96,0
64,65,75,1
91,71,95,0
81,98,53,1
65,99,57,1
94,92,47,1
81,67,71,0
60,56,66,1
79,99,81,0
81,75,76,0
70,57,62,1
72,55,46,1
62,79,51,1
68,88,64,1
71,72,42,1
82,81,65,0
73,71,43,1
92,91,81,0
77,92,75,0
68,94,54,1
82,58,71,1
69,80,68,1
78,56,49,1
64,58,60,1
82,62,93,0
89,52,55,1
84,84,86,0
87,82,58,1
93,70,68,0
84,80,91,0
69,83,90,1
73,81,57,1
89,84,97,0
84,64,83,0
73,81,96,1
94,55,55,1
93,94,40,1
69,70,87,1
94,82,41,1
70,81,95,1
70,68,54,1
80,82,78,0
80,77,67,0
81,80,40,1
66,70,44,1
76,83,81,0
61,64,61,1
71,63,92,1
77,68,75,0
70,92,85,1
75,64,52,1
77,55,40,1
94,58,55,1
85,86,94,0
75,69,80,0
65,83,61,1
71,87,71,1
72,75,55,1
63,67,90,1
98,77,54,1
61,58,97,1
85,81,85,0
86,55,91,1
86,63,81,0
74,77,92,1
67,73,51,1
66,62,99,1
99,92,40,1
71,61,92,1
72,68,56,1
76,70,80,0
76,76,94,0
95,68,90,0
80,73,96,0
67,75,89,1
64,94,67,1
85,77,46,1
75,95,48,1
95,67,61,0
87,93,65,0
88,85,92,0
71,91,51,1
96,78,46,1
89,66,85,0
82,53,86,1
75,93,54,1
73,94,77,1
69,78,60,1
66,53,53,1
96,59,41,1
88,74,47,1
62,80,84,1
74,52,94,1
95,96,45,1
78,51,76,1
72,74,76,1
80,98,96,0
96,55,72,1
86,75,80,0
88,57,45,1
79,84,91,0
84,76,65,0
65,74,78,1
95,67,80,0
61,50,76,1
81,97,53,1
91,88,76,0
75,52,47,1
77,53,78,1
64,90,52,1
95,86,52,1
89,64,79,0
78,57,82,1
82,87,67,0
93,99,97,0
72,68,57,1
88,96,96,0
95,75,58,1
81,88,77,0
95,59,71,1
68,87,61,1
98,63,41,1
78,98,99,0
97,90,52,1
65,68,62,1
74,79,64,1
79,54,67,1
68,80,97,1
91,56,50,1
63,68,72,1
77,80,63,0
64,88,41,1
79,73,69,0
82,83,56,1
70,72,79,1
96,97,73,0
81,94,77,0
63,89,61,1
88,55,44,1
93,87,87,0
72,90,79,1
68,85,90,1
